<?xml version="1.0" encoding="UTF-8"?>
<project-private xmlns="http://www.netbeans.org/ns/project-private/1">
    <editor-bookmarks xmlns="http://www.netbeans.org/ns/editor-bookmarks/2" lastBookmarkId="0"/>
    <open-files xmlns="http://www.netbeans.org/ns/projectui-open-files/2">
        <group>
            <file>file:/E:/Exodus/Novo%20SVN/Baselines/nnwj2/trunk/src/edu/packt/neuralnet/NeuralLayer.java</file>
            <file>file:/E:/Exodus/Novo%20SVN/Baselines/nnwj2/trunk/src/edu/packt/neuralnet/learn/DeltaRule.java</file>
            <file>file:/E:/Exodus/Novo%20SVN/Baselines/nnwj2/trunk/src/edu/packt/neuralnet/NeuralNetDeltaRuleTest.java</file>
            <file>file:/E:/Exodus/Novo%20SVN/Baselines/nnwj2/trunk/src/edu/packt/neuralnet/NeuralNetLearnTest.java</file>
            <file>file:/E:/Exodus/Novo%20SVN/Baselines/nnwj2/trunk/src/edu/packt/neuralnet/learn/LearningAlgorithm.java</file>
            <file>file:/E:/Exodus/Novo%20SVN/Baselines/nnwj2/trunk/src/edu/packt/neuralnet/NeuralNet.java</file>
        </group>
    </open-files>
</project-private>
